customer_id,first_name,last_name,email,phone
1,Curtis,Hughes,cynthia31@gmail.com,+692 663-185-0102
2,Jose,Miller,kelly17@gmail.com,+503 826-030-6780
3,Adam,Allen,jade68@yahoo.com,+808 574-784-8632
4,Leon,George,hansonmelissa@koch.com,+888 153-304-5265
5,Tracy,Mann,tara57@jackson-rodriguez.com,+1 849 483-592-8771
6,Steve,Martin,bartonjames@gmail.com,+246 939-456-0328
7,Heather,Cole,victor39@hotmail.com,+962 983-568-1115
8,Gregory,Chen,xmay@wilkins.org,+91 836-209-8113
9,Judith,Simpson,joeljones@yahoo.com,+359 178-829-9210
10,Kiara,Gomez,ngutierrez@gmail.com,+355 486-178-6066
11,Hannah,Trevino,xsantiago@johnson.com,+224 869-522-6570
12,Pamela,Stuart,jonesangela@cohen.com,+389 888-410-1889
13,Jonathan,Harris,dean66@hotmail.com,+81 906-701-4998
14,Teresa,Beard,xpowell@gmail.com,+676 519-475-3889
15,Christina,Matthews,simmonstheresa@hotmail.com,+590 877-545-8287
16,Aaron,Petty,contrerasjessica@boyd.com,+245 876-462-7855
17,Taylor,Higgins,lanemichael@yahoo.com,+1 284 710-101-5313
18,Jasmine,Bowen,franklinshane@yahoo.com,+850 959-834-7138
19,Christopher,Little,estokes@yahoo.com,+378 402-116-9025
20,Sara,Kerr,cookangela@yahoo.com,+998 674-056-8172
21,Janet,Townsend,amandasparks@hotmail.com,+592 666-284-2639
22,Heather,Barnes,egibbs@curtis.com,+240 547-240-0971
23,Shawn,Chapman,cody08@potter.com,+379 476-646-7756
24,Barbara,Burnett,wallsjames@gmail.com,+49 328-049-0236
25,Benjamin,Gilbert,reynoldslinda@yahoo.com,+264 293-441-1759
26,Scott,Lawson,maria97@hotmail.com,+968 426-392-2455
27,Jeffrey,Lewis,alexisheath@yahoo.com,+39 377-407-6146
28,Jason,Moreno,bakerhector@porter.com,+1 758 783-537-6241
29,Philip,Alvarez,cindy79@yahoo.com,+974 302-005-5670
30,Anthony,Lucero,qanderson@gmail.com,+675 633-019-9617
31,David,Moore,margaretcalderon@arnold-becker.com,+212 385-241-4081
32,Connie,Ellis,dawn37@mora.com,+7 6 784-625-0570
33,Monica,Brown,mariasellers@hotmail.com,+1 721 636-460-0021
34,Elizabeth,Reeves,nicholstina@gmail.com,+84 399-584-6571
35,Katherine,Powell,crich@phillips.com,+291 256-425-6306
36,Cindy,Stewart,stricklandvalerie@kemp-copeland.com,+27 644-341-7645
37,Courtney,Cook,btran@walker-cooley.net,+1 809 984-755-4636
38,Heidi,Stanley,cgoodman@hotmail.com,+90 392 493-695-7486
39,Edward,Nixon,nguyenkimberly@yahoo.com,+1 868 197-552-6454
40,Margaret,Fisher,william33@hotmail.com,+595 544-625-7103
41,Susan,Fernandez,kimberlyashley@yahoo.com,+227 477-576-8674
42,Robert,Johnson,shane91@reed-roberts.info,+1 758 474-654-5254
43,James,Sanchez,johnhood@fleming.info,+353 759-659-4891
44,Phillip,Lucas,jhoffman@yahoo.com,+881 1 261-555-6618
45,Juan,White,angela92@holland-king.net,+230 419-579-5226
46,Dawn,Thompson,gailstevens@miller-ruiz.com,+249 894-026-0043
47,Russell,Colon,qfuentes@hotmail.com,+598 363-781-3754
48,Megan,Davis,thomasjohnson@williams.info,+1 767 817-628-1802
49,Elizabeth,Mcknight,bflores@gregory.com,+800 833-764-8050
50,Bryan,Griffin,hernandeztracy@gmail.com,+966 663-736-7821
51,Megan,Green,garciawilliam@hotmail.com,+291 281-208-7416
52,Douglas,Brown,rogerstyler@hotmail.com,+240 889-379-0731
53,Haley,Gomez,mitchellronald@hotmail.com,+33 789-025-0775
54,Robert,Wells,vtorres@yahoo.com,+683 471-724-3441
55,Jennifer,Nguyen,karenwilliams@hotmail.com,+998 792-223-7431
56,Nicholas,Gibson,liumichelle@rodriguez-massey.com,+250 298-456-0982
57,Ashley,Murray,mthomas@yahoo.com,+263 650-528-0398
58,Norman,Willis,sarasmith@gmail.com,+232 459-344-0227
59,Alyssa,Diaz,lynnclarke@ramirez-harper.com,+995 34 330-122-5366
60,Paul,Sanders,sarah21@gmail.com,+883 729-448-6877
61,Kelly,Coleman,ronald62@gmail.com,+355 599-013-9592
62,Darin,Morales,yfritz@hernandez.com,+374 97 371-872-3518
63,Barbara,Stevens,william25@gmail.com,+599 7 333-524-8036
64,Pamela,Baker,natalie87@hotmail.com,+1 441 456-504-8812
65,Donald,Sanchez,johnmills@collins.biz,+599 7 558-367-6242
66,Lindsay,Brown,michaelchavez@medina.com,+500 453-030-2622
67,Michael,Gonzales,melissa20@hotmail.com,+423 555-718-7235
68,Joseph,Parsons,castillocharles@yahoo.com,+246 716-739-1822
69,Susan,Smith,nathaniel39@walker-cameron.com,+371 376-596-0346
70,Paul,Clark,garyhernandez@hotmail.com,+267 394-110-4793
71,Austin,Brown,odonnelljulia@hotmail.com,+36 286-422-3898
72,Joseph,Rodriguez,ipearson@gmail.com,+599 7 843-511-6069
73,Carla,Adkins,ibrown@hotmail.com,+681 862-557-3241
74,Lynn,Newman,lindsay65@gmail.com,+65 453-048-0422
75,James,Woods,fryjoshua@bailey.info,+32 284-418-9637
76,Karen,White,joseph58@hotmail.com,+1 268 477-298-6406
77,Richard,Levine,joshuaboyd@gmail.com,+385 786-621-5045
78,Eric,Wiggins,rhondastephenson@yahoo.com,+44 7924 625-426-0770
79,Veronica,Brown,oliviagreen@yahoo.com,+385 944-504-9973
80,Amy,Stokes,gfoster@yahoo.com,+883 339-545-6656
81,Cameron,Guerrero,rachelsnow@williamson-simmons.net,+979 816-479-2451
82,Lindsey,Daniels,russellamanda@hotmail.com,+888 176-398-1756
83,Jessica,Morales,pharris@lawrence-montes.com,+226 145-474-6367
84,Matthew,Hudson,kennethgriffin@gmail.com,+966 650-863-3941
85,Mark,Barry,gsandoval@hotmail.com,+973 687-655-8197
86,Jerry,Gates,hannah23@yahoo.com,+370 580-791-3433
87,Kayla,Wilson,icrawford@taylor.org,+881 2 228-694-7362
88,James,Rangel,kmontoya@jones.com,+47 196-565-5679
89,Maria,Adams,powelljonathan@yahoo.com,+965 623-381-8670
90,Michael,Jennings,upeterson@hotmail.com,+44 1534 537-632-7885
91,John,Soto,michaelsantos@adams.com,+856 416-338-8747
92,Amber,Carter,vancecourtney@gmail.com,+45 955-191-2982
93,Joseph,Robbins,samantharodgers@hotmail.com,+61 445-248-6848
94,Jessica,Contreras,andre05@stanton-gray.com,+36 197-638-0340
95,Carol,Cunningham,jillgolden@howard-lopez.com,+245 602-535-7589
96,Kyle,Romero,christopher13@mcdonald.org,+870 874-680-0159
97,Jennifer,Mclaughlin,gmartin@hotmail.com,+252 960-071-9661
98,Brian,Dennis,changchristopher@russell-foster.org,+504 624-159-5962
99,Debra,Adkins,gardnermichael@wagner.com,+253 806-384-6512
100,Alyssa,Wiggins,josephmorales@simmons-morales.com,+41 237-026-2529
101,Joshua,Friedman,teresa25@may.net,+973 731-658-1116
102,Stephanie,Duran,taylorcharles@deleon-clayton.net,+1 721-173-9415
103,Dylan,Hayden,johnny50@mahoney.net,+359 563-633-1026
104,Carl,Smith,larrysmith@gmail.com,+46 789-566-9179
105,Justin,Hernandez,robert71@little.org,+995 34 156-016-1444
106,Patrick,Campos,monicapowers@yahoo.com,+500 940-038-1916
107,Renee,Medina,obishop@hotmail.com,+249 146-424-6721
108,Matthew,Ramirez,gonzalezkerri@sanders.info,+354 427-537-1395
109,Stephanie,Elliott,anthony71@yahoo.com,+380 643-109-8237
110,Kevin,Bonilla,pacemegan@gmail.com,+243 617-836-4465
111,Duane,Moss,webbjoanna@bartlett.com,+61 89162 722-364-5447
112,Christopher,Holland,elaine72@thompson.com,+977 295-501-8701
113,Valerie,Walton,brownalejandra@rodriguez.org,+507 508-733-5854
114,Melissa,Oliver,jamesrowe@hodge.net,+358 898-292-2880
115,Randall,Lynch,greenstuart@hotmail.com,+673 221-629-4794
116,Jennifer,Hart,wmatthews@gmail.com,+255 24 950-513-7970
117,Alexis,Jones,boltonrichard@yahoo.com,+599 3 350-159-6683
118,Stacy,Small,erinstevens@hotmail.com,+506 687-869-8700
119,Amy,Morris,russellsmith@estrada-clark.com,+223 532-675-1135
120,Sabrina,Franco,mharris@riggs.com,+46 947-444-4750
121,John,Patton,hectorpatterson@harris.com,+81 286-106-6092
122,Debra,Jones,haleyellen@hotmail.com,+64 363-094-3320
123,Deanna,Gregory,jessekennedy@hunter.com,+44 7924 465-096-8324
124,Robin,Ward,kyle05@dunn.net,+881 9 393-108-2235
125,Lisa,Watson,keith99@yahoo.com,+241 710-095-0441
126,Tara,Walton,leonard89@hotmail.com,+599 3 873-491-1320
127,Elizabeth,Williams,sherrera@gmail.com,+500 529-502-2881
128,Danielle,Henson,osmith@yahoo.com,+800 281-669-2189
129,Rebecca,Mccarthy,bwelch@yahoo.com,+228 512-750-6983
130,Shane,Brown,christopherhicks@yahoo.com,+1 340 787-222-8215
131,John,Clements,brownmegan@lambert-hamilton.com,+975 259-849-4340
132,Jeffrey,Anderson,gatescheryl@gray.com,+970 234-729-3640
133,Albert,Moore,sonyadean@yahoo.com,+65 134-168-5128
134,Jeff,Brooks,lwhite@russell.com,+998 186-141-5405
135,Parker,Anderson,edward63@yahoo.com,+213 665-702-9398
136,Jennifer,Burch,andrewtodd@johnson-kramer.net,+64 587-491-6109
137,Richard,Sweeney,fbaxter@anderson.com,+44 7624 793-333-0807
138,Cory,King,awong@lewis.com,+679 598-043-1146
139,Caroline,Smith,anthonyrobinson@ross.com,+882 13 127-140-0476
140,Mark,Williams,regina02@thomas-davis.com,+266 475-821-3435
141,Hannah,Sweeney,coxkristy@gmail.com,+852 499-814-1224
142,Allison,Peters,mariaorozco@gmail.com,+599 7 904-318-0031
143,Emily,Browning,pedro35@campos.info,+91 876-532-2469
144,Matthew,Jones,samuel98@brown.org,+268 189-071-5066
145,Diane,Bailey,martinezrobert@galloway.com,+248 242-672-9019
146,Charles,Robles,uesparza@yahoo.com,+686 123-882-2812
147,David,Carlson,pbrooks@young.info,+973 225-104-9080
148,Gregory,Fisher,rcuevas@gmail.com,+254 530-657-1787
149,Brenda,Jackson,ldavis@yahoo.com,+888 126-868-3804
150,Teresa,Mejia,matthew03@yahoo.com,+881 6 172-611-7713
151,Michele,Williams,brenda63@hotmail.com,+1 268 511-882-4216
152,Julie,Johnson,kingjessica@bruce-valencia.net,+241 272-503-9110
153,Christine,Cruz,kenneth72@taylor.com,+976 853-416-2080
154,Charles,Evans,garnerkurt@mills.com,+291 377-066-6869
155,Andrea,Harris,ryanwilliamson@carr.com,+263 535-561-9451
156,Laura,Williams,parsonsgary@gmail.com,+381 695-807-9490
157,Kelsey,Green,albertchambers@gmail.com,+507 849-872-7838
158,Brandon,Walter,christopher08@morrow.org,+597 387-888-6805
159,Kristy,Reed,michaeljohnson@lopez.biz,+243 426-828-4993
160,Ashley,Wheeler,adam96@hotmail.com,+358 888-191-7790
161,Jill,Rodriguez,hdyer@porter.org,+681 797-369-3882
162,Michele,Robinson,rbrown@figueroa.com,+234 206-181-7035
163,Crystal,Foster,yorkkelsey@gmail.com,+420 789-775-6205
164,Megan,Thomas,tbrown@wilson-reynolds.com,+264 585-481-7850
165,Elizabeth,Miller,jessicarivera@gmail.com,+43 125-482-3692
166,Emily,Kelly,woodssarah@williams.net,+1 664 717-233-3685
167,Cameron,Miller,ashepard@ali.com,+686 945-564-5758
168,Brandon,Lambert,kevinross@hotmail.com,+965 536-608-6064
169,David,Rush,russellmonica@yahoo.com,+420 866-047-4544
170,Marcus,Flowers,ncarrillo@ray.com,+888 510-372-6628
171,Alex,Smith,richardbarron@gmail.com,+47 644-182-2547
172,Lisa,Mason,martinezjay@gmail.com,+1 441 697-849-3283
173,Heidi,Morris,harveyashley@hotmail.com,+353 876-459-8832
174,Brittney,Castro,ajones@gmail.com,+374 594-487-8060
175,Charles,Cox,paulwilliams@yahoo.com,+57 237-650-2279
176,John,Macdonald,josephlarson@scott.org,+1 869 608-846-5224
177,Jose,Bryant,joshuarasmussen@gill.com,+252 310-739-9982
178,Scott,Fletcher,pwalker@fry.info,+39 06 698 974-536-4082
179,Laurie,Hanson,usalinas@hotmail.com,+7 7 251-128-3710
180,Randy,Nguyen,tonyabarron@yahoo.com,+238 448-273-1687
181,Deborah,Cruz,edwardreynolds@barnes.info,+598 822-776-1429
182,Kathryn,Beck,eddieheath@yahoo.com,+509 950-883-5581
183,Sheila,Hernandez,natalie54@hotmail.com,+40 301-435-7527
184,Joel,Rice,sbishop@moore.com,+599 4 117-476-3608
185,Matthew,Warner,ptyler@hotmail.com,+1 284 396-723-5161
186,Michael,Thomas,ashleyclay@gmail.com,+1 345 695-026-4358
187,James,Anderson,mistythomas@gmail.com,+594 668-518-4062
188,Morgan,Russell,karen55@martinez.com,+998 351-717-9791
189,Michael,Day,kristiharrell@hotmail.com,+998 924-100-0900
190,Perry,Arnold,michaelolson@gmail.com,+853 835-551-7000
191,Theresa,Day,asherman@wood-grimes.info,+253 306-399-0509
192,Tracy,Allen,kristy59@fox.net,+1 340 232-436-3407
193,Kelly,Peck,kevinvalencia@gmail.com,+227 825-750-5657
194,Lauren,Lawson,jacob36@hotmail.com,+670 518-226-8905
195,Ruben,Williams,wrich@garcia.org,+968 725-174-0406
196,James,Beasley,jaredharrison@cooper.com,+976 728-292-4891
197,Katherine,Wang,debramora@hotmail.com,+377 401-607-3324
198,Hector,Oliver,crystalsalas@dalton-jensen.biz,+298 661-209-9982
199,Mark,Maxwell,millsgeoffrey@hotmail.com,+44 278-016-0069
200,Maria,Jones,ryu@cherry-hicks.com,+966 458-071-1495
